"","XSLOPE.result","XSLOPE.count","XSLOPE.sd","SLOPE_0.result","SLOPE_0.count","SLOPE_0.notes","SLOPE_0_5.result","SLOPE_0_5.count","SLOPE_1.result","SLOPE_1.count","SLOPE_2.result","SLOPE_2.count","XBEARING.result","XBEARING.count","XBEARING.sd","SINU.NOT_WORKING"
"102PS0139 2010-07-15","NaN","0",NA,"0","0","Reach length pulled from analyte 'Reach, length'","0","0","0","0","0","0","NaN","0",NA,"NaN"
"202PES162 2010-07-20","NaN","0",NA,"0","0","Reach length pulled from analyte 'Reach, length'","0","0","0","0","0","0","NaN","0",NA,"NaN"
"403S00640 2009-06-11","0.62","10","0.507766836740868","0","10","Reach length pulled from analyte 'Reach, length'","50","10","80","10","100","10","204","10","157.969758005906","1.56966209761628"
"403S00772 2009-05-20","1.11333333333333","10","0.640254578996454","0","10","Reach length pulled from analyte 'Reach, length'","10","10","50","10","90","10","186.6","10","26.2475395672306","-4.61963257268956"
"403S01163 2009-06-08","2.03333333333333","10","2.78110911350752","10","10","Reach length pulled from analyte 'Reach, length'","30","10","50","10","60","10","195.4","10","3.89301368550838","-1.8867303238116"
"403S01195 2009-06-10","0.98","10","1.57356244408415","20","10","Reach length pulled from analyte 'Reach, length'","50","10","50","10","60","10","233","10","8.56348838577675","-0.632270677561338"
"403S01272 2009-06-09","0.153333333333333","10","0.121918815327513","20","10","Reach length pulled from analyte 'Reach, length'","80","10","80","10","80","10","250.4","10","0.843274042711568","-0.53080505935736"
"403S01784 2009-06-09","0.4","10","0.0769800358919501","0","10","Reach length pulled from analyte 'Reach, length'","100","10","100","10","100","10","135","10","0","0.707106781186548"
"403S03832 2009-06-08","0.666666666666666","10","0.782525193851511","0","10","Reach length pulled from analyte 'Reach, length'","60","10","80","10","90","10","185.1","10","2.51440295541948","-5.62964614178454"
"403S14156 2009-06-09","0.753333333333334","10","0.624638166866365","0","10","Reach length pulled from analyte 'Reach, length'","50","10","70","10","100","10","260.4","10","0.843274042711568","-0.50715092122487"
"404S02920 2009-05-12","1.01333333333333","10","1.36871571776223","10","10","Reach length pulled from analyte 'Reach, length'","30","10","60","10","80","10","124.1","10","3.8715486421959","0.605061433400715"
"404S03048 2009-05-13","2.96666666666667","10","4.46132903854036","20","10","Reach length pulled from analyte 'Reach, length'","10","10","30","10","50","10","210.9","10","17.6537688768024","-1.01798811685416"
"404S05992 2009-05-12","0.4","10","0.421637021355784","0","10","Reach length pulled from analyte 'Reach, length'","70","10","90","10","100","10","176","10","27.0061721340388","6.6453680970248"
"404S06456 2009-05-14","1.16","10","1.08602798772566","10","10","Reach length pulled from analyte 'Reach, length'","30","10","50","10","70","10","202.3","10","2.49666444147653","-1.31880369732416"
"404S08040 2009-05-12","1.38","10","0.133518390095998","0","10","Reach length pulled from analyte 'Reach, length'","0","10","0","10","100","10","80.2","10","0.632455532033676","0.507431957761761"
"404S08616 2009-05-13","0.746666666666666","10","0.327806025148192","0","10","Reach length pulled from analyte 'Reach, length'","20","10","80","10","100","10","113","10","0","0.543180188702648"
"404S11406 2009-05-11","0.58","10","0.556931629112742","10","10","Reach length pulled from analyte 'Reach, length'","60","10","70","10","90","10","160","10","0","1.46190220008154"
"404S16516 2009-05-18","0.859999999999999","10","0.786585055402603","0","10","Reach length pulled from analyte 'Reach, length'","50","10","60","10","90","10","263.5","10","20.0069432392302","-0.531190057513708"
"404S17266 2009-05-19","NaN","0",NA,"0","0","Reach length pulled from analyte 'Reach, length'","0","0","0","0","0","0","NaN","0",NA,"NaN"
"404S17664 2009-05-20","0.860000000000001","10","0.455907722957017","0","10","Reach length pulled from analyte 'Reach, length'","30","10","60","10","100","10","239","10","0","-0.583316698607664"
"404S22464 2009-05-19","1.06666666666667","10","0.613429944081878","0","10","Reach length pulled from analyte 'Reach, length'","20","10","50","10","90","10","130","10","0","0.652703644666141"
"901S00313 2009-04-30","3.63636363636364","11","2.50090892567991","0","11","Reach length pulled from analyte 'Reach, length'","0","11","10","11","40","11","218.727272727273","11","46.4114014205365","-0.608705708369291"
"901S00469 2009-05-13","1.5","11","0.836660026534076","0","11","Reach length pulled from analyte 'Reach, length'","30","11","50","11","100","11","193.727272727273","11","63.2362094200639","-1.02682362238762"
"901S00531 2009-05-07","2","10","0","0","10","Reach length pulled from analyte 'Reach, length'","0","10","0","10","125","10","180.8","10","6.95701085237043","-37.156029158628"
"901S00997 2009-05-14","0.0102","10","0.0268995387541345","20","10","Reach length pulled from analyte 'Reach, length'","80","10","80","10","80","10","220.6","10","4.42718872423573","-0.770220559525737"
"901S01705 2009-05-14","2.45","10","1.25720147770974","0","10","Reach length pulled from analyte 'Reach, length'","10","10","20","10","50","10","187.6","10","21.9453867589523","-3.68626626454959"
"901S01811 2009-05-07","1.2","10","0.632455532033676","0","10","Reach length pulled from analyte 'Reach, length'","0","10","90","10","90","10","147.7","10","2.98328677803526","0.936853475234837"
"901S06030 2009-04-30","1.7","10","1.25166555703457","20","10","Reach length pulled from analyte 'Reach, length'","0","10","20","10","50","10","218.6","10","21.8489765842196","-0.874711046686941"
"901SJMS1x 2008-04-23","NaN","0",NA,"0","0","Reach length pulled from analyte 'Reach, length'","0","0","0","0","0","0","NaN","0",NA,"NaN"
"901SJMS1x 2008-05-13","NaN","0",NA,"0","0","Reach length pulled from analyte 'Reach, length'","0","0","0","0","0","0","NaN","0",NA,"NaN"
"901SJMS1x 2008-06-02","NaN","0",NA,"0","0","Reach length pulled from analyte 'Reach, length'","0","0","0","0","0","0","NaN","0",NA,"NaN"
"901SJMS1x 2008-06-25","NaN","0",NA,"0","0","Reach length pulled from analyte 'Reach, length'","0","0","0","0","0","0","NaN","0",NA,"NaN"
"901SJMS1x 2008-07-03","NaN","0",NA,"0","0","Reach length pulled from analyte 'Reach, length'","0","0","0","0","0","0","NaN","0",NA,"NaN"
"901SJOF1x 2008-04-28","NaN","0",NA,"0","0","Reach length pulled from analyte 'Reach, length'","0","0","0","0","0","0","NaN","0",NA,"NaN"
"901SJOF1x 2008-05-16","NaN","0",NA,"0","0","Reach length pulled from analyte 'Reach, length'","0","0","0","0","0","0","NaN","0",NA,"NaN"
"901SJOF1x 2008-06-05","NaN","0",NA,"0","0","Reach length pulled from analyte 'Reach, length'","0","0","0","0","0","0","NaN","0",NA,"NaN"
"901SJOF1x 2008-06-25","NaN","0",NA,"0","0","Reach length pulled from analyte 'Reach, length'","0","0","0","0","0","0","NaN","0",NA,"NaN"
"901SJOF1x 2008-07-03","NaN","0",NA,"0","0","Reach length pulled from analyte 'Reach, length'","0","0","0","0","0","0","NaN","0",NA,"NaN"
"901TCSMP1 2010-04-05","NaN","0",NA,"0","0","Reach length pulled from analyte 'Reach, length'","0","0","0","0","0","0","NaN","0",NA,"NaN"
"901TCSMP1 2010-05-05","NaN","0",NA,"0","0","Reach length pulled from analyte 'Reach, length'","0","0","0","0","0","0","NaN","0",NA,"NaN"
"901TCSMP1 2010-05-25","NaN","0",NA,"0","0","Reach length pulled from analyte 'Reach, length'","0","0","0","0","0","0","NaN","0",NA,"NaN"
"902S00565 2009-04-27","1.85","10","0.914391114956347","0","10","Reach length pulled from analyte 'Reach, length'","0","10","30","10","80","10","271.7","10","142.713426916399","-1.85214074531404"
"902S01097 2009-05-11","1.2","10","0.714920352984241","0","10","Reach length pulled from analyte 'Reach, length'","40","10","60","10","100","10","172.4","10","24.386699471456","4.41993425135086"
"902SMAS1x 2008-04-02","NaN","0",NA,"0","0","Reach length pulled from analyte 'Reach, length'","0","0","0","0","0","0","NaN","0",NA,"NaN"
"902SMAS1x 2008-04-08","NaN","0",NA,"0","0","Reach length pulled from analyte 'Reach, length'","0","0","0","0","0","0","NaN","0",NA,"NaN"
"902SMAS1x 2008-05-12","NaN","0",NA,"0","0","Reach length pulled from analyte 'Reach, length'","0","0","0","0","0","0","NaN","0",NA,"NaN"
"902SMAS1x 2008-06-02","NaN","0",NA,"0","0","Reach length pulled from analyte 'Reach, length'","0","0","0","0","0","0","NaN","0",NA,"NaN"
"903ACPCT1 2010-05-11","NaN","0",NA,"0","0","Reach length pulled from analyte 'Reach, length'","0","0","0","0","0","0","NaN","0",NA,"NaN"
"903ACPCT1 2010-05-25","NaN","0",NA,"0","0","Reach length pulled from analyte 'Reach, length'","0","0","0","0","0","0","NaN","0",NA,"NaN"
"903ACPCT1 2010-06-15","NaN","0",NA,"0","0","Reach length pulled from analyte 'Reach, length'","0","0","0","0","0","0","NaN","0",NA,"NaN"
"903ACPCT1 2010-06-30","NaN","0",NA,"0","0","Reach length pulled from analyte 'Reach, length'","0","0","0","0","0","0","NaN","0",NA,"NaN"
"903ACPCT1 2010-07-13","NaN","0",NA,"0","0","Reach length pulled from analyte 'Reach, length'","0","0","0","0","0","0","NaN","0",NA,"NaN"
"903CVPCT1 2010-05-10","NaN","0",NA,"0","0","Reach length pulled from analyte 'Reach, length'","0","0","0","0","0","0","NaN","0",NA,"NaN"
"903CVPCT1 2010-06-01","NaN","0",NA,"0","0","Reach length pulled from analyte 'Reach, length'","0","0","0","0","0","0","NaN","0",NA,"NaN"
"903CVPCT1 2010-06-15","NaN","0",NA,"0","0","Reach length pulled from analyte 'Reach, length'","0","0","0","0","0","0","NaN","0",NA,"NaN"
"903CVPCT1 2010-06-30","NaN","0",NA,"0","0","Reach length pulled from analyte 'Reach, length'","0","0","0","0","0","0","NaN","0",NA,"NaN"
"903CVPCT1 2010-07-13","NaN","0",NA,"0","0","Reach length pulled from analyte 'Reach, length'","0","0","0","0","0","0","NaN","0",NA,"NaN"
"904S00537 2009-05-04","2.47916666666667","12","3.69652529308596","0","12","Reach length pulled from analyte 'Reach, length'","0","12","72.7272727272727","12","95.4545454545455","12","148.75","12","57.8239884162588","7.75026981528349"
"905DGCC1 2010-05-12","NaN","0",NA,"0","0","Reach length pulled from analyte 'Reach, length'","0","0","0","0","0","0","NaN","0",NA,"NaN"
"905DGCC1 2010-06-02","NaN","0",NA,"0","0","Reach length pulled from analyte 'Reach, length'","0","0","0","0","0","0","NaN","0",NA,"NaN"
"905DGCC1 2010-06-16","NaN","0",NA,"0","0","Reach length pulled from analyte 'Reach, length'","0","0","0","0","0","0","NaN","0",NA,"NaN"
"905DGCC1 2010-06-29","NaN","0",NA,"0","0","Reach length pulled from analyte 'Reach, length'","0","0","0","0","0","0","NaN","0",NA,"NaN"
"905DGCC1 2010-07-13","NaN","0",NA,"0","0","Reach length pulled from analyte 'Reach, length'","0","0","0","0","0","0","NaN","0",NA,"NaN"
"905DGSY1x 2008-04-10","NaN","0",NA,"0","0","Reach length pulled from analyte 'Reach, length'","0","0","0","0","0","0","NaN","0",NA,"NaN"
"905DGSY1x 2008-04-24","NaN","0",NA,"0","0","Reach length pulled from analyte 'Reach, length'","0","0","0","0","0","0","NaN","0",NA,"NaN"
"905DGSY1x 2008-05-14","NaN","0",NA,"0","0","Reach length pulled from analyte 'Reach, length'","0","0","0","0","0","0","NaN","0",NA,"NaN"
"905DGSY1x 2008-06-03","NaN","0",NA,"0","0","Reach length pulled from analyte 'Reach, length'","0","0","0","0","0","0","NaN","0",NA,"NaN"
"905DGSY1x 2008-06-24","NaN","0",NA,"0","0","Reach length pulled from analyte 'Reach, length'","0","0","0","0","0","0","NaN","0",NA,"NaN"
"905DGSY1x 2008-07-02","NaN","0",NA,"0","0","Reach length pulled from analyte 'Reach, length'","0","0","0","0","0","0","NaN","0",NA,"NaN"
"905DGSY1x 2008-07-09","NaN","0",NA,"0","0","Reach length pulled from analyte 'Reach, length'","0","0","0","0","0","0","NaN","0",NA,"NaN"
"905DGSY1x 2008-07-16","NaN","0",NA,"0","0","Reach length pulled from analyte 'Reach, length'","0","0","0","0","0","0","NaN","0",NA,"NaN"
"905DGSY1x 2010-05-03","NaN","0",NA,"0","0","Reach length pulled from analyte 'Reach, length'","0","0","0","0","0","0","NaN","0",NA,"NaN"
"905DGSY1x 2010-06-01","NaN","0",NA,"0","0","Reach length pulled from analyte 'Reach, length'","0","0","0","0","0","0","NaN","0",NA,"NaN"
"905DGSY1x 2010-06-14","NaN","0",NA,"0","0","Reach length pulled from analyte 'Reach, length'","0","0","0","0","0","0","NaN","0",NA,"NaN"
"905DGSY1x 2010-06-29","NaN","0",NA,"0","0","Reach length pulled from analyte 'Reach, length'","0","0","0","0","0","0","NaN","0",NA,"NaN"
"905DGSY1x 2010-07-20","NaN","0",NA,"0","0","Reach length pulled from analyte 'Reach, length'","0","0","0","0","0","0","NaN","0",NA,"NaN"
"905DGSY1x 2010-08-19","NaN","0",NA,"0","0","Reach length pulled from analyte 'Reach, length'","0","0","0","0","0","0","NaN","0",NA,"NaN"
"905DGSY1x 2010-09-15","NaN","0",NA,"0","0","Reach length pulled from analyte 'Reach, length'","0","0","0","0","0","0","NaN","0",NA,"NaN"
"905DGUT1 2010-05-13","NaN","0",NA,"0","0","Reach length pulled from analyte 'Reach, length'","0","0","0","0","0","0","NaN","0",NA,"NaN"
"905DGUT1 2010-06-02","NaN","0",NA,"0","0","Reach length pulled from analyte 'Reach, length'","0","0","0","0","0","0","NaN","0",NA,"NaN"
"905DGUT1 2010-06-16","NaN","0",NA,"0","0","Reach length pulled from analyte 'Reach, length'","0","0","0","0","0","0","NaN","0",NA,"NaN"
"905DGUT1 2010-06-29","NaN","0",NA,"0","0","Reach length pulled from analyte 'Reach, length'","0","0","0","0","0","0","NaN","0",NA,"NaN"
"905DGUT1 2010-07-13","NaN","0",NA,"0","0","Reach length pulled from analyte 'Reach, length'","0","0","0","0","0","0","NaN","0",NA,"NaN"
"905S01953 2009-04-29","2","10","1.52752523165195","0","10","Reach length pulled from analyte 'Reach, length'","10","10","30","10","80","10","248.7","10","47.2935278635225","-0.745632462523821"
"907S00577 2009-05-12","4.25","15","3.66815446005987","0","15","Reach length pulled from analyte 'Reach, length'","10","15","43.3333333333333","15","56.6666666666667","15","124.266666666667","15","57.7272270085376","-4.52353750535845"
"907S01418 2009-05-12","5.75","10","4.16499966653327","0","10","Reach length pulled from analyte 'Reach, length'","20","10","30","10","30","10","261","10","21.5664348261624","-0.539401451548079"
"907S01434 2009-05-13","6.59090909090909","11","3.94219597317397","0","11","Reach length pulled from analyte 'Reach, length'","0","11","0","11","12.5","11","179.863636363636","11","45.6684195637921","-1.06380610202702"
"907SRSD1x 2008-04-11","NaN","0",NA,"0","0","Reach length pulled from analyte 'Reach, length'","0","0","0","0","0","0","NaN","0",NA,"NaN"
"907SRSD1x 2008-04-25","NaN","0",NA,"0","0","Reach length pulled from analyte 'Reach, length'","0","0","0","0","0","0","NaN","0",NA,"NaN"
"907SRSD1x 2008-07-02","NaN","0",NA,"0","0","Reach length pulled from analyte 'Reach, length'","0","0","0","0","0","0","NaN","0",NA,"NaN"
"907SRSD1x 2008-07-09","NaN","0",NA,"0","0","Reach length pulled from analyte 'Reach, length'","0","0","0","0","0","0","NaN","0",NA,"NaN"
"907SRSD1x 2010-05-04","NaN","0",NA,"0","0","Reach length pulled from analyte 'Reach, length'","0","0","0","0","0","0","NaN","0",NA,"NaN"
"907SRSD1x 2010-06-01","NaN","0",NA,"0","0","Reach length pulled from analyte 'Reach, length'","0","0","0","0","0","0","NaN","0",NA,"NaN"
"907SRSD1x 2010-06-15","NaN","0",NA,"0","0","Reach length pulled from analyte 'Reach, length'","0","0","0","0","0","0","NaN","0",NA,"NaN"
"907SRSD1x 2010-06-29","NaN","0",NA,"0","0","Reach length pulled from analyte 'Reach, length'","0","0","0","0","0","0","NaN","0",NA,"NaN"
"907SRSD1x 2010-07-13","NaN","0",NA,"0","0","Reach length pulled from analyte 'Reach, length'","0","0","0","0","0","0","NaN","0",NA,"NaN"
"911NCPCR2 2010-04-28","NaN","0",NA,"0","0","Reach length pulled from analyte 'Reach, length'","0","0","0","0","0","0","NaN","0",NA,"NaN"
"911NCPCR2 2010-05-24","NaN","0",NA,"0","0","Reach length pulled from analyte 'Reach, length'","0","0","0","0","0","0","NaN","0",NA,"NaN"
"911NCPCR2 2010-06-14","NaN","0",NA,"0","0","Reach length pulled from analyte 'Reach, length'","0","0","0","0","0","0","NaN","0",NA,"NaN"
"911NCPCR2 2010-06-30","NaN","0",NA,"0","0","Reach length pulled from analyte 'Reach, length'","0","0","0","0","0","0","NaN","0",NA,"NaN"
"911NCPCR2 2010-07-20","NaN","0",NA,"0","0","Reach length pulled from analyte 'Reach, length'","0","0","0","0","0","0","NaN","0",NA,"NaN"
"911NCPCR2 2010-08-19","NaN","0",NA,"0","0","Reach length pulled from analyte 'Reach, length'","0","0","0","0","0","0","NaN","0",NA,"NaN"
"911NCPCR2 2010-09-14","NaN","0",NA,"0","0","Reach length pulled from analyte 'Reach, length'","0","0","0","0","0","0","NaN","0",NA,"NaN"
"911NCPCR2 2010-09-15","NaN","0",NA,"0","0","Reach length pulled from analyte 'Reach, length'","0","0","0","0","0","0","NaN","0",NA,"NaN"
"911S00538 2009-05-05","2.35","10","1.2703892666773","0","10","Reach length pulled from analyte 'Reach, length'","20","10","20","10","50","10","270.8","10","27.2592491948452","-0.551923910370363"
"911S01818 2009-05-06","1.06090909090909","11","0.812089336778344","0","11","Reach length pulled from analyte 'Reach, length'","50","11","80.1010101010101","11","90.1010101010101","11","191.886363636364","11","43.4819172237672","-1.01766527544876"
"911S02058 2009-05-05","3.9","10","3.10733898304571","0","10","Reach length pulled from analyte 'Reach, length'","30","10","40","10","40","10","229.2","10","39.8770332118348","-0.778912661515016"
"911S03354 2009-05-05","1.45454545454545","11","1.17163444500718","10","11","Reach length pulled from analyte 'Reach, length'","30","11","50","11","80","11","192.363636363636","11","43.3249875413086","-0.964581427988553"
"911S04086 2009-05-06","1.75","2","1.06066017177982","0","2","Reach length pulled from analyte 'Reach, length'","0","2","60","2","60","2","273.5","2","16.2634559672906","-0.51247217719273"
"911TJPC2 2010-04-27","NaN","0",NA,"0","0","Reach length pulled from analyte 'Reach, length'","0","0","0","0","0","0","NaN","0",NA,"NaN"
"911TJPC2 2010-05-24","NaN","0",NA,"0","0","Reach length pulled from analyte 'Reach, length'","0","0","0","0","0","0","NaN","0",NA,"NaN"
"911TJPC2 2010-06-14","NaN","0",NA,"0","0","Reach length pulled from analyte 'Reach, length'","0","0","0","0","0","0","NaN","0",NA,"NaN"
"911TJPC2 2010-07-01","NaN","0",NA,"0","0","Reach length pulled from analyte 'Reach, length'","0","0","0","0","0","0","NaN","0",NA,"NaN"
"911TJPC2 2010-07-19","NaN","0",NA,"0","0","Reach length pulled from analyte 'Reach, length'","0","0","0","0","0","0","NaN","0",NA,"NaN"
"LALT-501 2009-06-22","1.06","10","0.27478386568266","0","10","Reach length pulled from analyte 'Reach, length'","0","10","50","10","100","10","217","10","0","-0.830820070561244"
"LALT500 2009-06-22","0.158666666666667","10","0.0757383409925006","0","10","Reach length pulled from analyte 'Reach, length'","100","10","100","10","100","10","176","10","0","7.1677935131018"
"LALT500 2010-07-15","0.14","10","0.115256022043466","20","10","Reach length pulled from analyte 'Reach, length'","80","10","80","10","80","10","249","10","0","-0.535572496818515"
"LALT501 2010-07-15","1.06","10","0.666999916708307","0","10","Reach length pulled from analyte 'Reach, length'","10","10","70","10","90","10","223.6","10","4.74224513167433","-0.72736441372621"
"LALT502 2009-06-22","0.886666666666667","10","0.396341292011174","0","10","Reach length pulled from analyte 'Reach, length'","20","10","80","10","100","10","137.8","10","0.632455532033676","0.74439834723744"
"LALT502 2010-07-15","0.18","10","0.22889967612121","20","10","Reach length pulled from analyte 'Reach, length'","60","10","80","10","80","10","139.1","10","7.93655396812048","0.770057859364067"
"LALT503 2010-07-15","0.473333333333333","10","0.479145329637658","10","10","Reach length pulled from analyte 'Reach, length'","70","10","80","10","90","10","160","10","0","1.46190220008154"
"LAR0052 2010-07-08","2.08","10","1.20893790750292","0","10","Reach length pulled from analyte 'Reach, length'","10","10","30","10","40","10","216.6","10","18.7687683843844","-0.875556839093873"
"LAR0080 2010-07-08","5.28666666666667","10","1.82494376710254","0","10","Reach length pulled from analyte 'Reach, length'","0","10","0","10","0","10","179.7","10","17.7891977209641","91.6304735947745"
"LAR0092 2010-07-27","0.56","10","0.27968235951204","0","10","Reach length pulled from analyte 'Reach, length'","30","10","100","10","100","10","210.1","10","60.7864202671032","-1.89728805775485"
"LB_RA 2010-05-26","0.0799999999999999","10","0.0421637021355784","10","10","Reach length pulled from analyte 'Reach, length'","90","10","90","10","90","10","186.8","10","0.421637021355784","-4.22293133652319"
"LB_RA1 2010-05-26","0.06","10","0.0583730023847275","30","10","Reach length pulled from analyte 'Reach, length'","70","10","70","10","70","10","199.8","10","4.26354052141853","-1.47968862302505"
"LC_R31 2010-05-25","0.206666666666667","10","0.0913546879604198","0","10","Reach length pulled from analyte 'Reach, length'","100","10","100","10","100","10","152.2","10","6.95701085237043","1.07777827884139"
"LC_R4 2010-05-25","0.213333333333333","10","0.103279555898864","0","10","Reach length pulled from analyte 'Reach, length'","100","10","100","10","100","10","136","10","0","0.719778269812864"
"LC_R5 2010-05-25","0.146666666666667","10","0.195757471515958","20","10","Reach length pulled from analyte 'Reach, length'","70","10","80","10","80","10","161.4","10","1.89736659610103","1.56843574879167"
"ME-CC 2010-07-12","0.693333333333333","10","0.818429691845199","20","10","Reach length pulled from analyte 'Reach, length'","30","10","30","10","60","10","285","10","21.9747329651327","-0.550868849989596"
"ME-CC 2011-07-07","0.52","10","0.996190273857557","30","10","Reach length pulled from analyte 'Reach, length'","50","10","50","10","50","10","288.5","10","24.5639754292519","-0.563910744404075"
"ME-SCR 2011-07-13","0.144","10","0.027968235951204","0","10","Reach length pulled from analyte 'Reach, length'","100","10","100","10","100","10","53","10","0","0.626067829078114"
"ME-VR2 2010-07-07","0","10","0.0314269680527354","80","10","Reach length pulled from analyte 'Reach, length'","10","10","10","10","10","10","156.8","10","8.12130257751523","1.28038149951601"
"ME-VR2 2011-07-06","0.793333333333333","10","0.819183574295201","10","10","Reach length pulled from analyte 'Reach, length'","30","10","60","10","80","10","151.7","10","0.948683298050514","1.05478953622323"
"MO2_Mont 2010-06-30","3.13333333333333","6","1.56119612263589","0","6","Reach length pulled from analyte 'Reach, length'","0","6","0","6","16.6666666666667","6","294","6","18.676188047886","-0.573261409484716"
"POM_RC 2010-05-28","0.766666666666667","10","0.100615390423749","0","10","Reach length pulled from analyte 'Reach, length'","0","10","100","10","100","10","212.6","10","1.89736659610103","-0.928516339769702"
"POM_RD 2010-06-16","0.1","10","0.110352969048312","50","10","Reach length pulled from analyte 'Reach, length'","50","10","50","10","50","10","274.2","10","7.23878442834154","-0.504971157345864"
"REF-CS 2008-10-22","4.13074074074073","6","4.35250923324861","0","6","Reach length pulled from analyte 'Reach, length'","20","6","20","6","50","6","186.6","10","41.9846532808253","-1.75562191117209"
"REF-CS 2009-04-29","8.64999999999999","8","3.93708457118144","0","8","Reach length pulled from analyte 'Reach, length'","0","8","0","8","0","8","224","10","13.0979218029257","-0.768628939324503"
"REF-TCAS 2009-04-30","5.74074074074074","3","2.53687212224208","0","3","Reach length pulled from analyte 'Reach, length'","0","3","0","3","0","3","254.3","10","16.8526292047001","-0.536279790264316"
"SA_RB 2010-06-02","NaN","0",NA,"0","0","Reach length pulled from analyte 'Reach, length'","0","0","0","0","0","0","NaN","0",NA,"NaN"
"SGLT506 2010-07-06","0.733333333333333","10","0.637123163859176","0","10","Reach length pulled from analyte 'Reach, length'","30","10","80","10","100","10","245","10","16.532795690183","-0.57203179652454"
"SGLT508 2009-05-26","0.0826666666666666","2","0.00471404520791033","0","10","Reach length pulled from analyte 'Reach, length'","20","10","20","10","20","10","185.7","10","4.62000481000231","-5.04842027283039"
"SGUR010 2010-06-18","11.1","10","3.47850542618522","0","10","Reach length pulled from analyte 'Reach, length'","0","10","0","10","0","10","120.4","10","38.4626803249303","0.726226120467238"
"SGUR010 2011-06-27","6.4","10","2.11869981094276","0","10","Reach length pulled from analyte 'Reach, length'","0","10","0","10","0","10","154","10","29.0593262902712","1.28209930959332"
"SGUR103 2010-07-22","14.5","10","5.25462759014482","0","10","Reach length pulled from analyte 'Reach, length'","0","10","0","10","0","10","78.2","10","100.679690106794","0.932638580871926"
"SGUR103 2011-08-03","16.1","10","7.1094616142465","0","10","Reach length pulled from analyte 'Reach, length'","0","10","0","10","0","10","83.2","10","105.317298357551","0.954703431970378"
"SGUT 503 2009-05-08","0.95","4","0.58022983951764","0","4","Reach length pulled from analyte 'Reach, length'","20","4","40","4","100","4","174.7","10","26.3483079785654","13.1763893030478"
"SGUT 503 2010-05-27","NaN","0",NA,"0","0","Reach length pulled from analyte 'Reach, length'","0","0","0","0","0","0","NaN","0",NA,"NaN"
"SGUT501 2010-07-07","3.42666666666667","10","1.98144479024527","0","10","Reach length pulled from analyte 'Reach, length'","10","10","10","10","20","10","71.6","10","13.9857069896377","0.540227006097935"
"SGUT502 2009-05-13","2.8","10","1.27366487830285","0","10","Reach length pulled from analyte 'Reach, length'","0","10","0","10","50","10","97.8","10","50.2831979889903","0.735436525566295"
"SGUT502 2010-05-27","NaN","0",NA,"0","0","Reach length pulled from analyte 'Reach, length'","0","0","0","0","0","0","NaN","0",NA,"NaN"
"SGUT502 2011-06-28","4.1","10","1.07496769977314","0","10","Reach length pulled from analyte 'Reach, length'","0","10","0","10","0","10","258.5","10","53.854227111507","-0.794309830226413"
"SGUT503 2011-07-27","3.75","10","1.94722024092465","0","10","Reach length pulled from analyte 'Reach, length'","10","10","10","10","20","10","172.4","10","27.3056770654016","4.63825571640864"
"SGUT504 2010-07-07","1.86666666666667","10","1.3941677458985","0","10","Reach length pulled from analyte 'Reach, length'","10","10","30","10","70","10","248.1","10","6.6072350915913","-0.542185350762912"
"SGUT505 2010-07-08","2.2","10","2.08379994774504","0","10","Reach length pulled from analyte 'Reach, length'","0","10","20","10","80","10","337.1","10","12.3868209534704","-1.31474335217325"
"Site 19 2010-07-10","0.0666666666666666","10","0.0544331053951817","30","10","Reach length pulled from analyte 'Reach, length'","70","10","70","10","70","10","70","10","0","0.532088886237957"
"Site 6 2010-07-08","3.74","10","1.87259640177765","0","10","Reach length pulled from analyte 'Reach, length'","0","10","0","10","20","10","183.5","10","18.5846412095819","-9.52084011960233"
"Site 7 2010-07-06","2.15333333333333","10","1.50916541403306","0","10","Reach length pulled from analyte 'Reach, length'","10","10","40","10","50","10","174.9","10","24.7765570202516","5.65617641932905"
"SJC_C1Alt 2010-06-03","1.004","10","1.19323277043687","0","10","Reach length pulled from analyte 'Reach, length'","40","10","70","10","80","10","260.1","10","6.6407830863536","-0.510664971548869"
"SJC_R2 2010-05-25","0.686666666666666","10","0.228899676121211","0","10","Reach length pulled from analyte 'Reach, length'","10","10","100","10","100","10","178.7","10","0.948683298050514","22.0431212080031"
"SMC00061 2010-07-26","0.00666666666666667","1",NA,"0","1","Reach length pulled from analyte 'Reach, length'","100","1","100","1","100","1","119.1","10","89.1458854288233","0.507713305942873"
"SMC00080 2011-06-13","5.28666666666667","10","1.82494376710254","0","10","Reach length pulled from analyte 'Reach, length'","0","10","0","10","0","10","156.3","10","29.0021072031365","1.46147138349694"
"SMC00105 2009-05-12","NaN","0",NA,"0","0","Reach length pulled from analyte 'Reach, length'","0","0","0","0","0","0","NaN","0",NA,"NaN"
"SMC00135 2010-06-07","8.70000000000001","10","3.43291978811113","0","10","Reach length pulled from analyte 'Reach, length'","0","10","0","10","0","10","278.4","10","9.37135114176298","-0.511512361102387"
"SMC00153 2009-06-08","0.786666666666667","10","0.156505038770302","0","10","Reach length pulled from analyte 'Reach, length'","0","10","100","10","100","10","205.3","10","21.8685466671504","-1.23131620215888"
"SMC00180 2010-06-18","4","20","3.36520899483931","0","20","Reach length pulled from analyte 'Reach, length'","0","20","1154.40115440115","20","1154.40115440115","20","4","20","3.36520899483931","3.59264826716385"
"SMC00191 2010-07-12","2.44666666666667","10","1.19548533457554","10","10","Reach length pulled from analyte 'Reach, length'","0","10","0","10","10","10","150","10","25.6991136898618","1.0862882028123"
"SMC00198 2009-05-20","NaN","0",NA,"0","0","Reach length pulled from analyte 'Reach, length'","0","0","0","0","0","0","NaN","0",NA,"NaN"
"SMC00206 2009-05-18","0.520370370370371","3","0.696825547480429","0","3","Reach length pulled from analyte 'Reach, length'","60","3","60","3","100","3","179","10","49.8575749287686","-8.69550826464229"
"SMC00271 2009-06-04","1.96666666666667","1",NA,"0","1","Reach length pulled from analyte 'Reach, length'","0","1","0","1","100","1","257.5","10","134.394320316497","-0.777861913430205"
"SMC00282 2009-06-09","1.54666666666667","10","0.294475889306266","0","10","Reach length pulled from analyte 'Reach, length'","0","10","0","10","90","10","304.1","10","7.57847829932456","-0.608619166267853"
"SMC00288 2009-06-18","11.3666666666667","10","5.59199162824573","0","10","Reach length pulled from analyte 'Reach, length'","0","10","0","10","0","10","218.7","10","46.7619265832555","-1.0569144358011"
"SMC00318 2010-06-15","0.370370370370371","9","0.380220858494859","30","10","Reach length pulled from analyte 'Reach, length'","30","10","50","10","60","10","168.6","10","1.34989711542111","2.53021736739238"
"SMC00324 2010-06-21","1.64166666666667","8","0.501347390887004","0","10","Reach length pulled from analyte 'Reach, length'","0","10","6","10","42","10","221.5","10","9.86858089539164","-0.765355323410396"
"SMC00345 2011-07-19","0.64","10","0.331401811241018","0","10","Reach length pulled from analyte 'Reach, length'","50","10","100","10","100","10","219","10","35.7739818552223","-0.985900982162249"
"SMC00375 2010-06-08","1.879","10","0.760854052291824","0","10","Reach length pulled from analyte 'Reach, length'","10","10","10","10","60","10","211","10","7.55718936583642","-0.978471157511827"
"SMC00382 2009-06-23","0.0266666666666667","1",NA,"0","10","Reach length pulled from analyte 'Reach, length'","10","10","10","10","10","10","265.5","10","15.7356636692296","-0.519010138973504"
"SMC00428 2010-07-22","3.9","10","0.737864787372622","0","10","Reach length pulled from analyte 'Reach, length'","0","10","0","10","0","10","183.6","10","53.0559453156132","-8.91045839392905"
"SMC00428 2011-08-03","2.6","10","1.71269767715535","10","10","Reach length pulled from analyte 'Reach, length'","0","10","10","10","50","10","181.5","10","45.4661045908561","-24.7297959547931"
"SMC00436 2009-05-26","0.573333333333333","1",NA,"0","1","Reach length pulled from analyte 'Reach, length'","0","1","60","1","60","1","155.4","10","7.29078566106257","1.93185165257813"
"SMC00440 2009-05-20","2.1","2","0.461976430375211","0","2","Reach length pulled from analyte 'Reach, length'","0","2","0","2","50","2","152.4","10","49.1962058157605","-2.72368053531384"
"SMC00446 2010-07-01","NaN","0",NA,"0","0","Reach length pulled from analyte 'Reach, length'","0","0","0","0","0","0","NaN","0",NA,"NaN"
"SMC00457 2009-06-04","8.26666666666666","10","3.27278338896895","0","10","Reach length pulled from analyte 'Reach, length'","0","10","0","10","10","10","247.4","10","40.5303726988923","-0.691340766365736"
"SMC00464 2009-05-08","1.975","2","0.742462120245875","0","2","Reach length pulled from analyte 'Reach, length'","0","2","0","2","48","2","262.8","10","23.7056017758579","-0.559098626641069"
"SMC00473 2009-06-03","0.85","10","0.431835016506862","0","10","Reach length pulled from analyte 'Reach, length'","10","10","80","10","100","10","204.6","10","16.5139671524171","-1.24610238716796"
"SMC00476 2009-06-08","7.7","10","3.74314187696794","0","10","Reach length pulled from analyte 'Reach, length'","0","10","0","10","0","10","262.8","10","97.8897338846112","-0.725623741827995"
"SMC00479 2011-07-13","0.873333333333334","10","0.351996071807487","0","10","Reach length pulled from analyte 'Reach, length'","10","10","80","10","100","10","225","10","0","-0.707106781186548"
"SMC00480 2009-05-13","4.77777777777778","9","3.31767153956573","0","9","Reach length pulled from analyte 'Reach, length'","0","9","0","9","20","9","107.3","10","41.2958163067937","0.59125571905555"
"SMC00520 2009-05-19","1.62539682539682","2","0.570174991813914","0","2","Reach length pulled from analyte 'Reach, length'","0","2","0","2","30","2","212.7","10","6.4644326037858","-1.02541832955798"
"SMC00520 2011-08-05","2.23","10","0.853814968245462","0","10","Reach length pulled from analyte 'Reach, length'","10","10","10","10","50","10","194.9","10","17.2912951767324","-2.04909420373664"
"SMC00531 2009-05-18","1.05555555555556","1",NA,"0","1","Reach length pulled from analyte 'Reach, length'","0","1","0","1","60","1","14.2","10","5.34997403939703","1.53577674337862"
"SMC00544 2011-06-22","5.6","10","2.17050941281329","0","10","Reach length pulled from analyte 'Reach, length'","0","10","0","10","10","10","193.2","10","17.9616876217749","-2.2667547738295"
"SMC00608 2011-06-27","1.25333333333333","10","0.793056285269172","10","10","Reach length pulled from analyte 'Reach, length'","0","10","20","10","80","10","207.6","10","8.30261003138973","-1.08968130589371"
"SMC00632 2011-06-13","0.292929292929293","9","0.221647558156482","10","9","Reach length pulled from analyte 'Reach, length'","70","9","80","9","80","9","190","9","0","-2.87938524157182"
"SMC00665 2011-07-27","0.346666666666667","10","0.132590523468234","0","10","Reach length pulled from analyte 'Reach, length'","90","10","100","10","100","10","235.2","10","18.1340686125438","-0.633563857046154"
"SMC00670 2009-05-21","0.266666666666667","1",NA,"0","1","Reach length pulled from analyte 'Reach, length'","100","1","100","1","100","1","175.2","10","3.91010087963071","2.87938524157181"
"SMC00684 2011-06-27","0.84","10","0.236643191323985","0","10","Reach length pulled from analyte 'Reach, length'","20","10","90","10","100","10","238","10","0","-0.589589201681048"
"SMC00686 2011-06-27","1.05","10","0.497214463005877","10","10","Reach length pulled from analyte 'Reach, length'","10","10","50","10","90","10","201.5","10","11.1080551353011","-1.38413531434032"
"SMC00693 2010-05-31","1.29333333333333","10","0.870475958922318","0","10","Reach length calculated from sum of segments","0","10","60","10","90","10","214.1","10","21.8553324283927","-0.95570252921172"
"SMC00702 2011-07-19","0.28","10","0.162693379713094","0","10","Reach length pulled from analyte 'Reach, length'","80","10","100","10","100","10","264","10","0","-0.502754139781758"
"SMC00710 2009-05-20","0.218","10","0.242172268039525","20","10","Reach length pulled from analyte 'Reach, length'","85","10","105","10","105","10","226.163636363636","11","63.9738582973901","-0.52436259998993"
"SMC00729 2009-06-03","1.17333333333333","10","0.469515116310907","0","10","Reach length pulled from analyte 'Reach, length'","0","10","60","10","100","10","233.7","10","11.1858044959771","-0.630714108409729"
"SMC00748 2011-06-21","0.806666666666666","10","0.512028162805693","0","10","Reach length pulled from analyte 'Reach, length'","20","10","90","10","90","10","314","10","0","-0.69508179550834"
"SMC00756 2009-06-23","1","10","0","0","10","Reach length calculated from sum of segments","0","10","100","10","100","10","146","10","0","0.8941458249857"
"SMC00766 2011-07-11","0.4","10","0.335548197123144","10","10","Reach length pulled from analyte 'Reach, length'","50","10","90","10","90","10","265","10","13.6055544213057","-0.514761176918707"
"SMC00791 2011-06-22","4.213","10","3.0929419651846","0","10","Reach length pulled from analyte 'Reach, length'","0","10","10","10","20","10","256","10","23.9072281027215","-0.557499901650758"
"SMC00827 2009-06-15","1.23333333333333","2","0.989949493661167","0","2","Reach length pulled from analyte 'Reach, length'","0","2","50","2","100","2","74.8","10","4.96207841758091","0.518145268671164"
"SMC00830 2011-06-21","4","10","3.09120616516523","10","10","Reach length pulled from analyte 'Reach, length'","0","10","10","10","40","10","340","10","0","-1.46190220008154"
"SMC00857 2011-07-13","0.0666666666666666","10","0.0702728368926307","40","10","Reach length pulled from analyte 'Reach, length'","60","10","60","10","60","10","191.3","10","13.7117143753475","-2.64703034632009"
"SMC00873 2009-05-19","1.48253968253969","2","0.00897913372935295","0","2","Reach length pulled from analyte 'Reach, length'","0","2","0","2","130","2","173.5","12","37.7154417374972","-0.686248644580763"
"SMC00899 2011-07-12","0.7","10","0.258198889747161","0","10","Reach length pulled from analyte 'Reach, length'","60","10","100","10","100","10","199.2","10","1.54919333848297","-1.52087839363109"
"SMC00903 2011-07-06","4.799","10","3.46019411786873","0","10","Reach length pulled from analyte 'Reach, length'","10","10","10","10","10","10","284.9","10","22.3728506106049","-0.550915487360222"
"SMC00910 2009-04-30","0.944444444444445","2","0.20427529234278","0","2","Reach length pulled from analyte 'Reach, length'","0","2","70","2","100","2","170","10","15.5706276188356","2.05792041823255"
"SMC00911 2009-06-04","10.95","10","4.48732783637558","0","10","Reach length pulled from analyte 'Reach, length'","0","10","0","10","0","10","108.3","10","27.3050666848969","0.585001496026573"
"SMC00921 2010-06-02","0.206666666666667","10","0.176243378301319","0","10","Reach length calculated from sum of segments","90","10","100","10","100","10","218.4","10","6.31048510197292","-0.809405963499627"
"SMC00924 2009-06-09","2.1","10","1.4869805348797","0","10","Reach length pulled from analyte 'Reach, length'","20","10","50","10","50","10","245.6","10","20.876355578075","-0.583267243128463"
"SMC00924 2011-06-20","2.36","10","1.28166558300778","0","10","Reach length pulled from analyte 'Reach, length'","0","10","10","10","60","10","151.3","10","49.488606994158","1.40869192856022"
"SMC00926 2010-06-28","1.02666666666667","10","1.38571192203293","50","10","Reach length pulled from analyte 'Reach, length'","10","10","10","10","20","10","204","10","0","-1.22929666778712"
"SMC00957 2010-06-21","0.626666666666667","10","0.295145914949049","0","10","Reach length pulled from analyte 'Reach, length'","30","10","90","10","100","10","52.6","10","24.6945788022842","0.685668832671359"
"SMC00958 2011-07-19","0.213333333333333","10","0.341094824077331","60","10","Reach length pulled from analyte 'Reach, length'","20","10","40","10","40","10","240","10","0","-0.577350269189625"
"SMC00963 2010-06-17","0.883333333333333","8","0.837039378186547","0","8","Reach length pulled from analyte 'Reach, length'","40","8","50","8","70","8","222","10","21.3853532431273","-0.663033520459589"
"SMC01004 2009-05-26","1.29333333333333","1",NA,"0","1","Reach length pulled from analyte 'Reach, length'","0","1","0","1","100","1","149.8","10","10.9422727681836","0.918039229388332"
"SMC01013 2010-06-24","1.63790476190476","10","2.1879406443134","40","12","Reach length pulled from analyte 'Reach, length'","0","12","16.1290322580645","12","41.0544053923929","12","104.985","12","48.186494618683","0.771971481099068"
"SMC01040 2009-06-09","2.75","10","1.81429508808977","0","10","Reach length pulled from analyte 'Reach, length'","20","10","20","10","50","10","290","10","35.5152549383125","-0.636832153018544"
"SMC01046 2009-05-21","0.88","10","0.818791642047243","20","10","Reach length pulled from analyte 'Reach, length'","30","10","40","10","70","10","68.8","10","8.02496105909555","0.541027215562852"
"SMC01049 2010-06-01","0.92","10","0.806639117986889","0","10","Reach length calculated from sum of segments","40","10","60","10","90","10","184","10","20.3141986469235","-8.27618333089578"
"SMC01096 2010-06-07","1.84","10","0.952294175940851","0","10","Reach length pulled from analyte 'Reach, length'","0","10","20","10","60","10","192.444444444444","9","16.5386752122949","-2.66137938133509"
"SMC01151 2009-06-17","0.2","1",NA,"0","1","Reach length pulled from analyte 'Reach, length'","100","1","100","1","100","1","243","10","4.47213595499958","-0.535572496818515"
"SMC01155 2009-05-12","0.725925925925925","3","0.588923828453362","0","3","Reach length pulled from analyte 'Reach, length'","20","3","70","3","100","3","154.8","10","39.2507607852666","1.77987725078672"
"SMC01158 2009-05-20","0.773333333333334","10","0.298473482495659","0","10","Reach length pulled from analyte 'Reach, length'","0","10","90","10","100","10","236.2","10","12.7349039171003","-0.615879505277756"
"SMC01161 2010-05-27","1.00666666666667","10","0.521583533785385","0","10","Reach length calculated from sum of segments","20","10","60","10","100","10","202.9","10","21.4188390597312","-1.37497445255751"
"SMC01172 2009-06-24","0.94","10","1.08021488488674","50","10","Reach length pulled from analyte 'Reach, length'","0","10","10","10","30","10","219.3","10","40.7786708954571","-1.01189265135412"
"SMC01174 2011-07-20","0.16","10","0.14807405554629","20","10","Reach length pulled from analyte 'Reach, length'","80","10","80","10","80","10","272.6","10","24.5501753784186","-0.54344383033888"
"SMC01196 2010-07-14","1.68","10","0.928452848214719","0","10","Reach length pulled from analyte 'Reach, length'","20","10","20","10","50","10","271.6","10","16.11900189907","-0.518415500262696"
"SMC01201 2010-06-02","1.56","10","2.05605399362258","0","10","Reach length calculated from sum of segments","20","10","60","10","80","10","196.6","10","29.7888868166935","-1.89038073113068"
"SMC01208 2010-06-08","0.206666666666667","10","0.194872544607944","10","10","Reach length pulled from analyte 'Reach, length'","70","10","80","10","80","10","85.6","10","3.86436713231718","0.502505952624735"
"SMC01215 2011-07-13","1.1","10","0.607971734235753","0","10","Reach length pulled from analyte 'Reach, length'","20","10","40","10","100","10","184.6","10","24.2771039825136","-6.83984242439622"
"SMC01248 2011-07-26","15.6875","8","4.02614225140784","0","8","Reach length pulled from analyte 'Reach, length'","0","8","0","8","0","8","199.5","8","73.7001647604284","-0.911615391386091"
"SMC01257 2011-06-16","2.1","10","1.66332999331662","20","10","Reach length pulled from analyte 'Reach, length'","0","10","20","10","40","10","217.4","10","24.7844036980248","-0.900697353879724"
"SMC01258 2009-05-27","1.23333333333333","10","1.79828450488065","0","10","Reach length pulled from analyte 'Reach, length'","0","10","90","10","90","10","279.8","10","6.69659946871877","-0.510528402806981"
"SMC01278 2009-06-17","0.0799999999999999","10","0.0421637021355784","10","10","Reach length pulled from analyte 'Reach, length'","90","10","90","10","90","10","192.4","10","4.0879225911349","-2.33318439409934"
"SMC01320 2010-06-07","1.26","10","0.789717874299205","0","10","Reach length pulled from analyte 'Reach, length'","20","10","40","10","90","10","288.1","10","14.6852155433809","-0.541761012287115"
"SMC01341 2009-06-22","0.42","10","0.217845794367155","0","10","Reach length pulled from analyte 'Reach, length'","42","10","60","10","60","10","280","10","0","-0.507713305942873"
"SMC01358 2011-06-21","0.113333333333333","10","0.0632455532033676","0","10","Reach length pulled from analyte 'Reach, length'","100","10","100","10","100","10","155","10","0","1.18310079157625"
"SMC01367 2011-06-23","NaN","0",NA,"0","0","Reach length pulled from analyte 'Reach, length'","0","0","0","0","0","0","NaN","0",NA,"NaN"
"SMC01372 2010-07-13","0.54","10","0.349178931102559","0","10","Reach length pulled from analyte 'Reach, length'","50","10","90","10","100","10","189.1","10","22.0879554911218","-3.50690568548145"
"SMC01383 2010-06-01","1.439","10","0.53240439934738","0","10","Reach length pulled from analyte 'Reach, length'","0","10","0","10","80","10","170","10","13.0639452948436","2.91658008894499"
"SMC01384 2009-06-29","2.00666666666667","10","0.532823830705704","0","10","Reach length pulled from analyte 'Reach, length'","0","10","0","10","60","10","52.2","10","23.0497047462411","0.680448489764172"
"SMC01424 2009-07-01","3.55555555555556","2","3.83409010243372","0","5","Reach length pulled from analyte 'Reach, length'","0","5","45","5","45","5","182.1","10","2.51440295541948","-26.0499079884566"
"SMC01452 2010-07-15","1.1","10","0.455691036764664","0","10","Reach length pulled from analyte 'Reach, length'","0","10","60","10","100","10","NaN","0",NA,"Inf"
"SMC01504 2011-06-28","5.35","10","1.24833222073827","0","10","Reach length pulled from analyte 'Reach, length'","0","10","0","10","0","10","228.6","10","18.3799407567658","-0.699118736211885"
"SMC01512 2010-06-23","0.213333333333333","10","0.0688530372659096","0","10","Reach length pulled from analyte 'Reach, length'","100","10","100","10","100","10","155.8","10","17.0606760319357","1.27418277944381"
"SMC01523 2011-07-07","5.387","10","2.45960272311517","0","10","Reach length pulled from analyte 'Reach, length'","0","10","0","10","0","10","278.2","10","36.5932598529656","-0.610716689824615"
"SMC01544 2010-07-14","0.84","10","0.537208146431709","10","10","Reach length pulled from analyte 'Reach, length'","10","10","70","10","90","10","267.2","10","8.76609630590746","-0.505881182567707"
"SMC01550 2009-06-25","3.32","10","1.18500924620032","0","10","Reach length pulled from analyte 'Reach, length'","0","10","0","10","10","10","151.7","10","13.6873826732668","1.0823030012578"
"SMC01555 2011-06-23","1.09333333333333","10","0.270710085917174","0","10","Reach length pulled from analyte 'Reach, length'","0","10","40","10","100","10","217.4","10","1.26491106406735","-0.823391610356159"
"SMC01559 2011-06-21","3.153","10","1.31926789462102","0","10","Reach length pulled from analyte 'Reach, length'","0","10","0","10","10","10","126.1","10","13.6010620500345","0.634480416851182"
"SMC01567 2010-06-09","1.22666666666667","10","1.55561904632334","0","10","Reach length pulled from analyte 'Reach, length'","10","10","30","10","70","10","93","10","9.89949493661167","0.507466776560224"
"SMC01606 2009-05-26","0.94","10","0.846459583890745","0","10","Reach length pulled from analyte 'Reach, length'","0","10","90","10","90","10","158","10","0","1.334733581277"
"SMC01640 2009-06-29","0.980000000000001","10","0.147572957474524","0","10","Reach length pulled from analyte 'Reach, length'","0","10","60","10","100","10","162.1","10","22.2383552549294","1.75276740470991"
"SMC01655 2011-07-06","4.1","10","1.40250569418531","0","10","Reach length pulled from analyte 'Reach, length'","0","10","0","10","10","10","191.2","10","27.7320512524167","-2.77077454027587"
"SMC01676 2010-07-03","0.566666666666667","10","0.328483233313211","10","10","Reach length pulled from analyte 'Reach, length'","30","10","90","10","90","10","230","10","4.52155332208351","-0.654569662190074"
"SMC01684 2009-06-03","0.8","1",NA,"0","1","Reach length pulled from analyte 'Reach, length'","0","1","100","1","100","1","167","10","0","2.2227057412929"
"SMC01692 2011-06-20","1.56","10","1.00281086433566","0","10","Reach length pulled from analyte 'Reach, length'","10","10","20","10","80","10","184","10","15.8605030044938","-7.5834137114464"
"SMC01694 2010-06-28","0.0133333333333333","10","0.0756861616263396","40","10","Reach length pulled from analyte 'Reach, length'","40","10","40","10","40","10","207.8","10","11.7549044138086","-1.0949909689958"
"SMC01716 2010-06-08","0.46","10","0.155396744329307","0","10","Reach length pulled from analyte 'Reach, length'","50","10","100","10","100","10","170","10","0","2.87938524157181"
"SMC01717 2009-05-28","1.29","10","0.634997812769636","0","10","Reach length pulled from analyte 'Reach, length'","0","10","60","10","90","10","243.6","10","36.4758672122938","-0.680753757042406"
"SMC01726 2010-06-30","0.333333333333333","10","0.144016459964619","10","10","Reach length pulled from analyte 'Reach, length'","80","10","90","10","90","10","244","10","0","-0.556300970237595"
"SMC01748 2009-06-03","0.216666666666667","2","0.117851130197758","0","2","Reach length pulled from analyte 'Reach, length'","100","2","100","2","100","2","269.5","10","15.9669798159967","-0.503057026639058"
"SMC01808 2011-06-13","2.35","10","1.5820169966779","0","10","Reach length pulled from analyte 'Reach, length'","20","10","40","10","50","10","219.8","10","24.7691564473058","-0.847892238886104"
"SMC01814 2010-06-09","0.586666666666667","10","0.551361950083609","10","10","Reach length calculated from sum of segments","40","10","80","10","90","10","246.6","10","15.2402974599142","-0.562570258387372"
"SMC01860 2009-05-28","0.493333333333333","1",NA,"0","1","Reach length pulled from analyte 'Reach, length'","100","1","100","1","100","1","208","10","0","-1.06502723409476"
"SMC01909 2009-06-09","1.21333333333333","10","0.336723500886681","0","10","Reach length pulled from analyte 'Reach, length'","0","10","50","10","100","10","286.6","10","86.1254898389553","-0.88115933377707"
"SMC01923 2011-07-12","0.393333333333333","10","0.158542746504329","0","10","Reach length pulled from analyte 'Reach, length'","80","10","100","10","100","10","287.5","10","21.8898758942728","-0.560353445214116"
"SMC01960 2010-06-23","0.173333333333333","10","0.397771570404701","80","10","Reach length pulled from analyte 'Reach, length'","0","10","10","10","20","10","288.3","10","9.59224223584408","-0.533085651812265"
"SMC01962 2010-06-08","0.06","10","0.0378430808131698","20","10","Reach length calculated from sum of segments","80","10","80","10","80","10","244","10","0","-0.556300970237595"
"SMC01972 2010-06-07","0.840000000000001","10","0.343115716722112","0","10","Reach length pulled from analyte 'Reach, length'","10","10","80","10","100","10","190.4","10","12.8079836213373","-2.84623589415982"
"SMC01979 2011-07-14","4.95","10","2.72284573358259","0","10","Reach length pulled from analyte 'Reach, length'","0","10","0","10","10","10","117.6","10","7.79173351129972","0.569023294185611"
"SMC01990 2009-05-21","1.5","10","0.666851826138829","0","10","Reach length pulled from analyte 'Reach, length'","0","10","20","10","90","10","167.5","10","6.55320108377917","2.32276813357729"
"SMC02006 2009-05-26","0.333333333333333","10","0","0","10","Reach length pulled from analyte 'Reach, length'","100","10","100","10","100","10","316","10","0","-0.719778269812864"
"SMC02059 2010-06-03","2.66666666666667","10","3.03070704377463","30","10","Reach length pulled from analyte 'Reach, length'","0","10","0","10","20","10","192.3","10","20.1331677697387","-2.47984286018616"
"SMC02088 2011-06-14","0.85","10","0.44783429475148","0","10","Reach length pulled from analyte 'Reach, length'","40","10","90","10","100","10","247.5","10","8.10006858681524","-0.546025926412289"
"SMC02092 2011-06-14","0.9","10","0.658280588604383","0","10","Reach length pulled from analyte 'Reach, length'","60","10","80","10","90","10","277.2","10","46.3771974621629","-0.693300990558407"
"SMC02123 2011-07-05","1.307","10","0.913723152820371","0","10","Reach length pulled from analyte 'Reach, length'","20","10","30","10","80","10","192","10","35.4400902933387","-2.4760256925214"
"SMC02127 2009-06-04","1.10666666666667","2","0.282842712474619","0","2","Reach length pulled from analyte 'Reach, length'","0","2","50","2","100","2","164.9","10","22.3480051309582","1.07089370184291"
"SMC02145 2011-07-19","1.18","10","0.286399531001754","0","10","Reach length pulled from analyte 'Reach, length'","0","10","30","10","100","10","242.3","10","14.1503827981201","-0.579755763893094"
"SMC02152 2010-07-14","0.866666666666666","10","1.39629138421378","40","10","Reach length pulled from analyte 'Reach, length'","30","10","30","10","40","10","181.9","10","6.96738433305099","-15.1518394262641"
"SMC02167 2010-06-07","1.58666666666667","10","1.44762043998819","10","10","Reach length pulled from analyte 'Reach, length'","20","10","30","10","60","10","226.1","10","7.66594199473663","-0.699338731208344"
"SMC02206 2011-07-19","0.846715328467152","10","1.05451367946134","10","10","Reach length pulled from analyte 'Reach, length'","60","10","60","10","70","10","228.4","10","0.843274042711568","-0.66869526609207"
"SMC02228 2009-06-23","0.7","1",NA,"0","1","Reach length pulled from analyte 'Reach, length'","0","1","100","1","100","1","171","10","2.10818510677892","5.73685662283492"
"SMC02270 2010-06-30","0.56","10","0.122524877796358","0","10","Reach length pulled from analyte 'Reach, length'","10","10","100","10","100","10","288.8","10","5.32916503778969","-0.530254717779947"
"SMC02417 2011-07-20","0.526666666666667","10","0.155396744329307","0","10","Reach length pulled from analyte 'Reach, length'","40","10","100","10","100","10","218.2","10","14.5968033030067","-0.834143819313286"
"SMC02436 2009-05-28","0.483333333333334","2","0.0235702260395516","0","2","Reach length pulled from analyte 'Reach, length'","100","2","100","2","100","2","272.8","10","18.9079642243979","-0.535303080918255"
"SMC02452 2011-06-30","0.32","10","0.44820630170591","0","10","Reach length pulled from analyte 'Reach, length'","80","10","90","10","100","10","237","10","17.6572301841987","-0.625129482422322"
"SMC02457 2010-05-31","0.54","10","0.227601557850122","0","10","Reach length calculated from sum of segments","50","10","100","10","100","10","323.9","10","18.841148820836","-0.892604530901031"
"SMC02464 2011-06-22","5.393","10","11.540334146905","0","10","Reach length pulled from analyte 'Reach, length'","0","10","0","10","20","10","197.5","10","39.81415158793","-1.756935173147"
"SMC02536 2011-06-29","1.12","10","0.0983819716496829","0","10","Reach length pulled from analyte 'Reach, length'","0","10","30","10","100","10","270","10","0","-0.5"
"SMC02548 2010-07-09","3.00666666666667","10","1.75694740886882","0","10","Reach length pulled from analyte 'Reach, length'","0","10","0","10","20","10","113.4","10","23.1190157422172","0.588250674887474"
"SMC02563 2010-06-24","0.406666666666666","10","0.336209811036259","10","10","Reach length pulled from analyte 'Reach, length'","70","10","80","10","90","10","253.4","10","12.5538838611802","-0.533061965363879"
"SMC02573 2010-06-09","0.0814","10","0.0131447778674721","0","10","Reach length pulled from analyte 'Reach, length'","100","10","100","10","100","10","285.4","10","0.966091783079296","-0.518687315870941"
"SMC02591 2011-07-21","4.1","10","2.53640165063291","0","10","Reach length pulled from analyte 'Reach, length'","10","10","10","10","30","10","173.6","10","22.5595508229515","4.94475050030987"
"SMC02622 2010-06-15","-2.22044604925031e-17","10","1.18925228091197","0","10","Reach length pulled from analyte 'Reach, length'","0","10","30","10","50","10","180.9","10","1.72884033065199","-31.8476933762421"
"SMC02644 2011-06-30","1.08","10","1.51935658896931","0","10","Reach length pulled from analyte 'Reach, length'","60","10","80","10","80","10","293.3","10","10.4461582518274","-0.552637291656195"
"SMC02656 2009-06-23","0.653333333333333","10","0.124919727311602","0","10","Reach length pulled from analyte 'Reach, length'","10","10","100","10","100","10","239.8","10","12.2818746307086","-0.590574913722113"
"SMC02749 2011-06-27","0.706","10","0.164262662288854","0","10","Reach length pulled from analyte 'Reach, length'","0","10","100","10","100","10","259.6","10","28.9643458985929","-0.57205310516577"
"SMC02804 2011-06-20","0.276","10","0.0609553570701998","0","10","Reach length pulled from analyte 'Reach, length'","100","10","100","10","100","10","104.4","10","7.29078566106257","0.520069324191505"
"SMC02884 2010-06-23","0.0866666666666666","10","0.117798740272876","30","10","Reach length pulled from analyte 'Reach, length'","70","10","70","10","70","10","202","10","0","-1.334733581277"
"SMC02902 2011-08-02","0.293333333333334","10","0.57709361202238","40","10","Reach length pulled from analyte 'Reach, length'","40","10","50","10","60","10","265.4","10","15.550634142125","-0.518621067942465"
"SMC02933 2010-06-01","0.446666666666667","10","0.325159030417007","0","10","Reach length calculated from sum of segments","70","10","100","10","100","10","208.2","10","44.8473955641673","-1.5815862089969"
"SMC02947 2011-07-12","0.012","10","0.0193218356615859","70","10","Reach length pulled from analyte 'Reach, length'","30","10","30","10","30","10","221.1","10","3.900142447541","-0.762233390562035"
"SMC02976 2010-07-27","3.08333333333333","12","1.76883800241511","0","12","Reach length pulled from analyte 'Reach, length'","0","12","10","12","50","12","167","12","53.2937826836046","-3.85762498803895"
"SMC02984 2010-06-23","0.0266666666666667","10","0.11842588972866","40","10","Reach length pulled from analyte 'Reach, length'","40","10","40","10","40","10","254","10","0","-0.5201497179308"
"SMC03110 2011-07-26","0.393333333333333","10","0.410299499161705","30","10","Reach length pulled from analyte 'Reach, length'","30","10","70","10","70","10","208.7","10","24.0141162189613","-1.12124184374984"
"SMC03133 2010-06-02","1.046","10","0.150643065998184","0","10","Reach length pulled from analyte 'Reach, length'","0","10","40","10","100","10","349","10","0","-2.62042153208393"
"SMC03216 2011-07-27","11.3181818181818","11","5.39570536293786","0","11","Reach length pulled from analyte 'Reach, length'","0","11","0","11","0","11","172.409090909091","11","42.3891602781998","-3.17246691780945"
"SMC03234 2011-06-28","NaN","0",NA,"0","0","Reach length pulled from analyte 'Reach, length'","0","0","0","0","0","0","NaN","0",NA,"NaN"
"SMC03268 2009-05-28","0.266666666666667","1",NA,"0","1","Reach length pulled from analyte 'Reach, length'","100","1","100","1","100","1","188.7","10","19.3795424782596","-0.747238274932306"
"SMC03280 2011-08-11","5.87","10","4.02383178353944","0","10","Reach length pulled from analyte 'Reach, length'","10","10","10","10","20","10","201.8","10","18.1769084280028","-1.42053220831764"
"SMC03304 2011-06-29","0.866666666666667","10","0.0702728368926307","0","10","Reach length pulled from analyte 'Reach, length'","0","10","100","10","100","10","189.5","10","4.40328160454097","-3.04057489179901"
"SMC03510 2011-07-21","0.966666666666667","10","0.229330749339448","0","10","Reach length pulled from analyte 'Reach, length'","0","10","70","10","100","10","307.3","10","19.630192165245","-0.663994688049928"
"SMC03533 2010-06-01","1.359","10","0.476175737867159","0","10","Reach length pulled from analyte 'Reach, length'","10","10","10","10","100","10","290.8","10","22.0846854931949","-0.571330936685665"
"SMC03687 2010-06-02","1.725","10","0.189751299219677","0","10","Reach length pulled from analyte 'Reach, length'","0","10","0","10","90","10","167.9","10","8.51730265074833","2.39940053604436"
"SMC03944 2010-07-12","0.686666666666667","10","0.245553041716645","0","10","Reach length pulled from analyte 'Reach, length'","10","10","100","10","100","10","272.8","10","8.10760959428445","-0.505134991949067"
"SMC03971 2011-07-11","0.0733333333333333","10","0.127463381330667","60","10","Reach length pulled from analyte 'Reach, length'","40","10","40","10","40","10","210","10","0","-1"
"SMC03988 2011-06-29","1.9","10","1.41027972008708","0","10","Reach length pulled from analyte 'Reach, length'","10","10","40","10","80","10","238","10","63.8122245341753","-0.991914646112864"
"SMC04047 2009-05-14","1.42666666666667","1",NA,"0","1","Reach length pulled from analyte 'Reach, length'","0","1","0","1","100","1","180.2","10","13.4478416277276","1.81397763927165"
"SMC04054 2009-05-27","0.5","10","0.167036626426366","0","10","Reach length pulled from analyte 'Reach, length'","50","10","100","10","100","10","258.7","10","11.5667146973066","-0.519377344815361"
"SMC04134 2011-07-26","1.71333333333333","10","1.3469856607887","0","10","Reach length pulled from analyte 'Reach, length'","20","10","50","10","60","10","175.8","10","18.7249091378896","7.19932434513915"
"SMC04175 2009-06-11","0.0316666666666667","2","0.0127279220613579","0","10","Reach length pulled from analyte 'Reach, length'","20","10","20","10","20","10","225.4","10","16.5139671524171","-0.72902786098965"
"SMC04239 2009-06-11","1.26","1",NA,"0","1","Reach length pulled from analyte 'Reach, length'","0","1","0","1","100","1","162","10","13.703203194063","0.762126543352908"
"SMC04264 2010-07-09","0.900000000000001","10","1.24533698151579","20","10","Reach length pulled from analyte 'Reach, length'","50","10","50","10","50","10","159.6","10","12.4739729036101","1.46489863593595"
"SMC04308 2009-06-17","2.01746031746032","2","2.48946482646311","0","2","Reach length pulled from analyte 'Reach, length'","70","2","70","2","70","2","214.2","10","173.458160180873","-2.99692758014853"
"SMC04383 2010-06-09","2.17333333333333","10","1.92788504344547","0","10","Reach length pulled from analyte 'Reach, length'","20","10","30","10","70","10","101.4","10","32.8505031248466","0.596123304934085"
"SMC04399 2009-06-11","0.293333333333333","1",NA,"0","1","Reach length pulled from analyte 'Reach, length'","100","1","100","1","100","1","167.2","10","12.5768747221946","9.55366130464861"
"SMC04426 2011-07-25","2.33333333333333","10","1.55301379641388","0","10","Reach length pulled from analyte 'Reach, length'","0","10","30","10","50","10","196.4","10","15.9317990893126","-1.80684696789101"
"SMC04661 2011-07-18","0.686666666666668","10","0.55870219987767","0","10","Reach length pulled from analyte 'Reach, length'","50","10","60","10","100","10","218.3","10","144.947538402309","-1.27072638937977"
"SMC04682 2011-07-25","3.16","10","2.49764333366921","0","10","Reach length pulled from analyte 'Reach, length'","10","10","20","10","40","10","247.2","10","18.7486295795482","-0.569541675491734"
"SMC04748 2009-07-02","0.433333333333333","10","0.206678613752648","0","10","Reach length pulled from analyte 'Reach, length'","70","10","100","10","100","10","214.2","10","5.51361950083609","-0.893427699926338"
"SMC04749 2009-06-23","0.133333333333333","10","0.160246723353955","40","10","Reach length pulled from analyte 'Reach, length'","60","10","60","10","60","10","163.1","10","9.18271322770249","1.73570582482466"
"SMC04756 2010-07-07","0.32","10","0.146733991281948","0","10","Reach length pulled from analyte 'Reach, length'","90","10","100","10","100","10","234.6","10","12.4382921299956","-0.626140845781041"
"SMC04795 2011-07-14","12.7","10","6.60891653584593","0","10","Reach length pulled from analyte 'Reach, length'","0","10","0","10","0","10","135.5","10","18.63240904088","0.747839257564698"
"SMC04932 2010-07-12","0.12","10","0.0877707451472511","0","10","Reach length pulled from analyte 'Reach, length'","90","10","90","10","90","10","144","10","15.3478192442951","0.876982215843117"
"SMC05109 2009-06-23","0.573333333333333","10","0.213610930501296","0","10","Reach length pulled from analyte 'Reach, length'","40","10","100","10","100","10","267.2","10","11.8958442790376","-0.510441654031275"
"SMC05199 2011-07-06","1.35333333333333","10","1.2507972766042","10","10","Reach length pulled from analyte 'Reach, length'","20","10","40","10","60","10","211.2","10","18.5699877340952","-1.01111819854263"
"SMC05243 2010-06-10","0.0533333333333332","10","0.0688530372659096","30","10","Reach length pulled from analyte 'Reach, length'","60","10","60","10","60","10","171.7","10","5.88878406615303","3.47882288746121"
"SMC05402 2011-07-28","2.68666666666667","10","1.16748119714153","0","10","Reach length pulled from analyte 'Reach, length'","10","10","10","10","20","10","264.8","10","11.2229922728101","-0.510822528717817"
"SMC05407 2011-07-21","2.5","10","1.52752523165195","0","10","Reach length pulled from analyte 'Reach, length'","10","10","20","10","50","10","116.3","10","29.6799595687056","0.634571258423758"
"SMC05524 2011-06-30","0.213333333333333","10","0.0932274531706801","0","10","Reach length pulled from analyte 'Reach, length'","100","10","100","10","100","10","277.9","10","16.1345040897519","-0.523297096666685"
"SMC05702 2010-06-07","0.553333333333333","10","0.550689803119015","10","10","Reach length calculated from sum of segments","50","10","70","10","90","10","122","10","18.4390889145858","0.617242872894106"
"SMC05759 2010-06-21","0.713333333333332","10","1.05036148980209","0","10","Reach length pulled from analyte 'Reach, length'","10","10","20","10","60","10","226","10","11.7756811551038","-0.707594519569082"
"SMC06019 2010-06-17","0.693333333333334","10","1.42818195749131","20","10","Reach length pulled from analyte 'Reach, length'","40","10","70","10","70","10","302.2","10","3.48966728754731","-0.59186521660272"
"SMC06216 2009-05-26","1.20666666666667","1",NA,"0","1","Reach length pulled from analyte 'Reach, length'","0","1","0","1","100","1","208.777777777778","9","9.12109886167475","-1.61803398874989"
"SMC06458 2010-06-06","0.38","10","0.289827534923789","0","10","Reach length calculated from sum of segments","80","10","100","10","100","10","245","10","0","-0.551688959481246"
"SMC06467 2010-06-28","2.93333333333333","10","3.07984286916807","0","10","Reach length pulled from analyte 'Reach, length'","10","10","30","10","60","10","277.2","10","45.381836797458","-0.684539809997604"
"SMC06653 2010-07-01","0.156","10","0.13785660827267","20","10","Reach length pulled from analyte 'Reach, length'","80","10","80","10","80","10","238.5","10","54.9772680296138","-0.505744272734151"
"SMC06714 2010-06-06","0.213333333333333","10","0.103279555898864","10","10","Reach length calculated from sum of segments","90","10","90","10","90","10","264.2","10","23.1555129024986","-0.539636445226032"
"SMC06863 2011-07-21","2.2","10","1.78263226094946","10","10","Reach length pulled from analyte 'Reach, length'","20","10","20","10","40","10","170.2","10","23.682154556637","2.99697291862721"
"SMC06926 2009-07-01","2.34666666666667","10","1.29034400619408","0","10","Reach length pulled from analyte 'Reach, length'","0","10","20","10","50","10","192.1","10","18.9997076000892","-2.51805157027288"
"SMC08150 2010-06-03","0.253333333333333","10","0.292794117191122","20","10","Reach length calculated from sum of segments","60","10","80","10","80","10","249.6","10","86.0054261854061","-0.669930358245215"
"SMC08335 2010-07-07","0.5","10","1.35582875206948","0","10","Reach length pulled from analyte 'Reach, length'","60","10","60","10","60","10","136.6","10","9.75477091251022","0.737083347832842"
"SMC08426 2010-06-08","0.14","10","0.134989711542111","30","10","Reach length calculated from sum of segments","70","10","70","10","70","10","234.1","10","25.0308698299609","-0.667462448152869"
"SMC08766 2009-05-26","0.2","1",NA,"0","1","Reach length pulled from analyte 'Reach, length'","100","1","100","1","100","1","155.1","10","7.34014834848573","1.71015180991663"
"SMC08845 2009-06-22","0.406666666666667","10","0.313404247294484","20","10","Reach length pulled from analyte 'Reach, length'","30","10","80","10","80","10","164.3","10","4.44847039878753","1.85310115450504"
"SMC09162 2011-08-01","0.893333333333333","10","0.564986616251403","0","10","Reach length pulled from analyte 'Reach, length'","40","10","70","10","100","10","231.7","10","11.5378603832003","-0.648727123579552"
"SMC09286 2010-06-09","0.0799999999999999","10","0.0819515062870479","40","10","Reach length calculated from sum of segments","60","10","60","10","60","10","159.1","10","6.87103420971771","1.41187025120687"
"SMC09534 2009-06-17","0.0666666666666667","10","0.0157134840263677","0","10","Reach length pulled from analyte 'Reach, length'","100","10","100","10","100","10","160","10","0","1.46190220008154"
"SMC09564 2010-06-01","0.544","10","0.293454520421062","0","10","Reach length pulled from analyte 'Reach, length'","60","10","90","10","100","10","313.3","10","7.90288273704954","-0.693160938896341"
"SMC09591 2010-06-03","1.32","10","1.18167071513698","10","10","Reach length pulled from analyte 'Reach, length'","20","10","40","10","60","10","247.3","10","8.74388675335835","-0.547756552223173"
"SMC09698 2010-06-09","4.80666666666667","10","1.34088601627505","0","10","Reach length pulled from analyte 'Reach, length'","0","10","0","10","0","10","210.6","10","9.6171143743271","-0.996155567251023"
"SMC10146 2011-06-28","NaN","0",NA,"0","0","Reach length pulled from analyte 'Reach, length'","0","0","0","0","0","0","NaN","0",NA,"NaN"
"SMC10189 2010-06-24","2.34333333333333","10","2.08652644186279","0","10","Reach length pulled from analyte 'Reach, length'","10","10","50","10","80","10","109.636363636364","11","28.5386500285936","0.651977525579315"
"SMC10685 2010-07-01","0.406666666666667","10","0.340587727318528","10","10","Reach length pulled from analyte 'Reach, length'","50","10","90","10","90","10","199.3","10","1.76698110409314","-1.51344851911514"
"SMC11394 2011-06-30","6.259","10","13.8952729372258","0","10","Reach length pulled from analyte 'Reach, length'","0","10","0","10","20","10","221.6","10","38.652871102215","-0.953255913154128"
"SMC11581 2009-06-29","0.773333333333333","10","0.11417984514369","0","10","Reach length pulled from analyte 'Reach, length'","0","10","100","10","100","10","200","10","0","-1.46190220008154"
"SMC11727 2010-06-09","1.65333333333333","10","1.43253207578335","0","10","Reach length pulled from analyte 'Reach, length'","20","10","40","10","60","10","158.6","10","9.1796877216312","1.38612171915281"
"SMC12862 2011-06-27","0.106666666666667","10","0.0466137265853401","0","10","Reach length pulled from analyte 'Reach, length'","100","10","100","10","100","10","175.3","10","1.70293863659264","6.10473929075143"
"SMC15677 2009-06-29","0.873333333333334","10","0.0857789291805279","0","10","Reach length pulled from analyte 'Reach, length'","0","10","90","10","100","10","192","10","0","-2.40486717237207"
"SMC16266 2011-08-01","2.35","10","1.52406619862058","0","10","Reach length pulled from analyte 'Reach, length'","20","10","30","10","40","10","227.7","10","21.7820007243493","-0.718452752310766"
"SMC16832 2010-06-18","0.24","10","0.0562182695141045","0","10","Reach length pulled from analyte 'Reach, length'","100","10","100","10","100","10","174","10","0","4.7833861167528"
"SMC16980 2011-07-06","1","10","0.52704627669473","0","10","Reach length pulled from analyte 'Reach, length'","40","10","70","10","100","10","205.8","10","18.9607782306294","-1.20611338627267"
"SMC17056 2009-07-02","0.713333333333334","10","0.464066832138818","0","10","Reach length pulled from analyte 'Reach, length'","50","10","70","10","100","10","222.8","10","8.03879482399086","-0.742659202429225"
"SMC20032 2010-06-18","0.173333333333333","10","0.0953227137312321","0","10","Reach length pulled from analyte 'Reach, length'","100","10","100","10","100","10","175","10","0","5.73685662283492"
"SMC21822 2010-06-21","0.288888888888889","9","1.08320512061813","0","10","Reach length pulled from analyte 'Reach, length'","40","10","50","10","50","10","282","10","14.1735277503129","-0.524854196703446"
"SMC24222 2010-06-21","0.488888888888889","9","0.452155332208351","0","10","Reach length pulled from analyte 'Reach, length'","40","10","70","10","80","10","219.7","10","35.3177638652909","-0.884887214019948"
"SMC25288 2011-06-30","2.166","10","19.4629780751959","0","10","Reach length pulled from analyte 'Reach, length'","20","10","20","10","30","10","219","10","98.3519756340009","-1.68718738455566"
"SMC26288 2009-05-12","0.684126984126984","2","0.244681394124869","0","2","Reach length pulled from analyte 'Reach, length'","0","2","100","2","100","2","88.8","10","9.71596624119289","0.501679923489246"
"SMC26909 2010-05-31","0.266666666666667","10","0.203670030886926","20","10","Reach length pulled from analyte 'Reach, length'","60","10","80","10","80","10","217.1","10","39.407980015333","-1.07450985103151"
"SMC27709 2010-05-31","0.353333333333333","10","0.451116584531655","40","10","Reach length pulled from analyte 'Reach, length'","40","10","50","10","60","10","275.7","10","24.2397744763986","-0.544010820719605"
"SMC32718 2010-06-03","0.446666666666667","10","0.432106525503511","30","10","Reach length calculated from sum of segments","30","10","60","10","70","10","282","10","11.8602979164381","-0.521166642475868"
"SMC32897 2010-06-21","0.213333333333333","10","0.195757471515958","20","10","Reach length pulled from analyte 'Reach, length'","70","10","80","10","80","10","166","10","8.19213715162967","2.09238371201956"
"SMC34888 2010-06-24","1.25333333333333","10","1.31611099385582","20","10","Reach length pulled from analyte 'Reach, length'","20","10","40","10","50","10","327.4","10","6.32806798671162","-0.932812861252894"
"SMC35697 2010-06-10","1.21333333333333","10","1.13998050665595","0","10","Reach length pulled from analyte 'Reach, length'","40","10","50","10","80","10","156.8","10","17.1839718601052","1.32644965068203"
"SMCR8_020 2011-07-12","9.59","10","3.41514600306081","0","10","Reach length pulled from analyte 'Reach, length'","0","10","0","10","0","10","224.3","10","29.1015463506667","-0.807785052994534"
"SMCR8_026 2009-05-31","NaN","0",NA,"0","0","Reach length pulled from analyte 'Reach, length'","0","0","0","0","0","0","NaN","0",NA,"NaN"
"SMCR8_105 2011-07-14","4.441","10","1.43284836756875","0","10","Reach length pulled from analyte 'Reach, length'","0","10","0","10","10","10","185.2","10","41.5178676395276","-5.71964253183722"
"SMCR8_116 2011-07-25","1.159","10","2.00126321218486","0","10","Reach length pulled from analyte 'Reach, length'","40","10","70","10","70","10","220.6","10","12.9288652075716","-0.784863560180006"
"SMCR8_124 2009-06-24","NaN","0",NA,"0","0","Reach length pulled from analyte 'Reach, length'","0","0","0","0","0","0","NaN","0",NA,"NaN"
"SMCR8_131 2009-06-16","10.812","5","3.0604280746327","0","5","Reach length pulled from analyte 'Reach, length'","0","5","0","5","0","5","158.4","5","41.1436507859961","1.75827261696281"
"SMCR8_175 2009-06-09","0.007","1",NA,"0","1","Reach length pulled from analyte 'Reach, length'","100","1","100","1","100","1","85","1",NA,"0.501909918771673"
"SMCR8_179 2009-06-01","NaN","0",NA,"0","0","Reach length pulled from analyte 'Reach, length'","0","0","0","0","0","0","NaN","0",NA,"NaN"
"SMCR8_184 2009-07-07","5.196","10","2.90591809932765","0","10","Reach length pulled from analyte 'Reach, length'","0","10","10","10","20","10","201.5","10","28.8723243108537","-1.50212772926868"
"SMCR8_191 2009-06-02","0.387","1",NA,"0","1","Reach length pulled from analyte 'Reach, length'","60","1","60","1","60","1","NaN","0",NA,"Inf"
"SMCR8_196 2009-05-24","3.67","2","0","0","2","Reach length pulled from analyte 'Reach, length'","0","2","0","2","0","2","NaN","0",NA,"Inf"
"SMCR8_197 2009-06-04","0.68","1",NA,"0","1","Reach length pulled from analyte 'Reach, length'","0","1","100","1","100","1","280","1",NA,"-0.507713305942873"
"SMCR8_197 2011-07-11","0.856","10","0.294663650059974","0","10","Reach length pulled from analyte 'Reach, length'","10","10","80","10","100","10","98.4","10","3.16929715306792","0.506119774618872"
"SMCR8_207 2009-06-07","0.9","1",NA,"0","1","Reach length pulled from analyte 'Reach, length'","0","1","60","1","60","1","300","1",NA,"-0.577350269189626"
"SMCR8_218 2009-06-23","11.594","5","11.1345713882484","0","5","Reach length pulled from analyte 'Reach, length'","0","5","0","5","0","5","168.6","5","14.909728367747","2.36070803843406"
"SMCR8_219 2009-07-06","8.33333333333333","9","5.06126466409335","0","9","Reach length pulled from analyte 'Reach, length'","0","9","0","9","10","9","184.444444444444","9","46.9337594677624","-2.34844268467574"
"SMCR8_229 2009-06-01","NaN","0",NA,"0","0","Reach length pulled from analyte 'Reach, length'","0","0","0","0","0","0","NaN","0",NA,"Inf"
"SMCR8_240 2010-06-23","NaN","0",NA,"0","0","Reach length pulled from analyte 'Reach, length'","0","0","0","0","0","0","NaN","0",NA,"NaN"
"SMCR8_254 2009-06-16","7.015","2","1.67584307141212","0","2","Reach length pulled from analyte 'Reach, length'","0","2","0","2","0","2","NaN","0",NA,"Inf"
"SMCR8_254 2011-07-19","7.506","10","2.42117602279003","0","10","Reach length pulled from analyte 'Reach, length'","0","10","0","10","0","10","175.4","10","27.2119254902862","7.4290928291928"
"SMCR8_262 2009-06-07","0.1","1",NA,"0","1","Reach length pulled from analyte 'Reach, length'","100","1","100","1","100","1","270","1",NA,"-0.5"
"SMCR8_274 2010-06-17","4.135","10","1.5087909066534","0","10","Reach length pulled from analyte 'Reach, length'","0","10","10","10","10","10","105.555555555556","9","25.5983940468495","0.631125781727243"
"SMCR8_275 2009-06-09","0.29","1",NA,"0","1","Reach length pulled from analyte 'Reach, length'","100","1","100","1","100","1","120","1",NA,"0.577350269189625"
"SMCR8_289 2009-06-03","1.8","5","1.21610032480877","0","5","Reach length pulled from analyte 'Reach, length'","20","5","40","5","60","5","210","3","10","-1.68371965658738"
"SMCR8_299 2009-06-09","0.09","1",NA,"0","1","Reach length pulled from analyte 'Reach, length'","100","1","100","1","100","1","20","1",NA,"1.46190220008154"
"SMCR8_312 2009-06-14","0.19","1",NA,"0","1","Reach length pulled from analyte 'Reach, length'","100","1","100","1","100","1","160","1",NA,"1.46190220008155"
"SMCR8_312 2011-07-26","0.292","10","0.328254643700757","0","10","Reach length pulled from analyte 'Reach, length'","60","10","80","10","80","10","239","10","17.3397424048533","-0.607893920267793"
"SMCR8_317 2009-06-03","NaN","0",NA,"0","0","Reach length pulled from analyte 'Reach, length'","0","0","0","0","0","0","NaN","0",NA,"NaN"
"SMCR8_327 2009-06-28","1.71","1",NA,"0","1","Reach length pulled from analyte 'Reach, length'","0","1","0","1","100","1","277","1",NA,"-0.503754912729424"
"SMCR8_333 2009-06-17","8.22","5","2.05303433970307","0","5","Reach length pulled from analyte 'Reach, length'","0","5","0","5","0","5","71.6","5","24.2239550858236","0.566551540783057"
"SMCR8_339 2009-06-08","NaN","0",NA,"0","0","Reach length pulled from analyte 'Reach, length'","0","0","0","0","0","0","NaN","0",NA,"NaN"
"SMCR8_339 2011-07-25","1.146","10","0.732578399293285","0","10","Reach length pulled from analyte 'Reach, length'","30","10","50","10","90","10","308.8","10","22.0343166699381","-0.68421128900784"
"SMCR8_344 2009-06-15","2.5","4","0.281543365517049","0","4","Reach length pulled from analyte 'Reach, length'","0","4","0","4","0","4","46.25","4","29.2617497767991","0.763243539148144"
"SMCR8_356 2010-06-10","0.342222222222222","9","0.275534833450227","12","9","Reach length pulled from analyte 'Reach, length'","24","9","42","9","42","9","164.5","10","8.80971685760167","1.93066817967131"
"SMCR8_376 2009-06-11","2.62333333333333","3","0.851253976985326","0","3","Reach length pulled from analyte 'Reach, length'","0","3","0","3","20","3","120","4","10.3601801786134","0.596137097937144"
"SMCR8_396 2010-05-27","NaN","0",NA,"0","0","Reach length pulled from analyte 'Reach, length'","0","0","0","0","0","0","NaN","0",NA,"NaN"
"SMCR8_404 2011-06-15","1.253","10","0.111758668567588","0","10","Reach length pulled from analyte 'Reach, length'","0","10","0","10","100","10","170","10","0","2.87938524157181"
"SMCR8_407 2010-06-21","3.533","10","0.990253054078154","0","10","Reach length pulled from analyte 'Reach, length'","0","10","0","10","0","10","252.2","10","17.1386502774674","-0.546755043771165"
"SMCR8_415 2009-07-08","4.5825","8","1.68339580270697","0","8","Reach length pulled from analyte 'Reach, length'","0","8","0","8","10","8","123.75","8","4.43202630213959","0.602909527736598"
"SMCR8_418 2009-06-08","0.33","1",NA,"0","1","Reach length pulled from analyte 'Reach, length'","100","1","100","1","100","1","270","1",NA,"-0.5"
"SMCR8_418 2011-07-13","0.373","10","0.195848580966691","0","10","Reach length pulled from analyte 'Reach, length'","70","10","100","10","100","10","288.2","10","11.3313723793722","-0.535758762387969"
"SMCR8_436 2010-06-23","7.566","10","3.00725123659464","0","10","Reach length pulled from analyte 'Reach, length'","0","10","0","10","0","10","175.6","10","20.8976341031972","6.88292516231471"
"SMCR8_439 2011-06-08","0.66","10","1.03490203508459","0","10","Reach length pulled from analyte 'Reach, length'","60","10","80","10","80","10","304","10","7.07106781186548","-0.607261553834782"
"SMCR8_445 2010-06-24","14.993","10","9.75238893810127","0","10","Reach length pulled from analyte 'Reach, length'","0","10","0","10","0","10","314.7","10","19.2529939951629","-0.736727731398586"
"SMCR8_453 2011-07-12","1.72","10","2.53261393294227","0","10","Reach length pulled from analyte 'Reach, length'","10","10","20","10","30","10","293.1","10","25.2606413220251","-0.589158640856995"
"SMCR8_467 2011-06-09","1.268","10","2.59694179115872","0","10","Reach length pulled from analyte 'Reach, length'","0","10","0","10","10","10","269.1","10","39.81191893","-0.627426735655495"
"SMCR8_474 2009-07-05","11.932","5","1.76880468113356","0","5","Reach length pulled from analyte 'Reach, length'","0","5","0","5","0","5","87.5","4","45.7347424467075","0.758631195930375"
"SMCR8_483 2011-06-06","1.206","10","2.99181921616635","0","10","Reach length pulled from analyte 'Reach, length'","0","10","0","10","10","10","87.2","10","20.5631817685018","0.530656083023557"
"SMCR8_494 2011-06-20","0.24","10","0.0679869268479038","0","10","Reach length pulled from analyte 'Reach, length'","100","10","100","10","100","10","280.7","10","18.5953996700498","-0.53371987508028"
"SMCR8_501 2011-06-14","3.474","10","5.34017103346575","0","10","Reach length pulled from analyte 'Reach, length'","0","10","0","10","10","10","271.6","10","21.3708004321577","-0.532865238907842"
"SMCR8_511 2011-06-09","1.086","10","0.31259487448702","0","10","Reach length pulled from analyte 'Reach, length'","0","10","60","10","100","10","276.7","10","25.5823289705131","-0.55168853914333"
"SMCR8_512 2011-07-19","4.362","10","2.32724825586882","0","10","Reach length pulled from analyte 'Reach, length'","0","10","10","10","20","10","213","10","29.5822769764451","-1.01276539466363"
"SMCR8_513 2009-06-22","NaN","0",NA,"0","0","Reach length pulled from analyte 'Reach, length'","0","0","0","0","0","0","NaN","0",NA,"NaN"
"SMCR8_521 2011-06-06","0.6","10","0.0705533682950557","0","10","Reach length pulled from analyte 'Reach, length'","10","10","100","10","100","10","304","10","0","-0.603108974251952"
"SMCR8_528 2011-07-11","0.224","10","0.67013497811179","0","10","Reach length pulled from analyte 'Reach, length'","20","10","50","10","60","10","262.2","10","31.6431491620049","-0.578915673764791"
"SMCR8_533 2011-06-07","5.1575","8","1.7448270483264","0","10","Reach length pulled from analyte 'Reach, length'","0","10","0","10","10","10","230.2","10","19.0601387426453","-0.682029452124344"
"SMCR8_549 2011-06-13","0.055","10","0.0422295315310664","30","10","Reach length pulled from analyte 'Reach, length'","70","10","70","10","70","10","198.8","10","17.1321659783902","-1.62756977930249"
"SMCR8_558 2011-08-08","0.687","10","1.08313382778348","10","10","Reach length pulled from analyte 'Reach, length'","70","10","70","10","80","10","267.4","10","4.9486249493055","-0.502198795929082"
"SMCR8_566 2011-06-15","1","10","0.178761169037226","0","10","Reach length pulled from analyte 'Reach, length'","0","10","50","10","100","10","171","10","0","3.19622661074983"
"SMCR8_572 2009-06-30","0.701","10","0.641897361127324","0","10","Reach length pulled from analyte 'Reach, length'","40","10","80","10","90","10","134.75","8","22.4992063352085","0.943710228323516"
"SMCR8_575 2011-06-07","5.639","10","2.32988054057141","0","10","Reach length pulled from analyte 'Reach, length'","0","10","0","10","10","10","274.7","10","30.1332227136613","-0.569644455584033"
"SMCR8_590 2011-07-20","2.399","10","1.47927497256069","0","10","Reach length pulled from analyte 'Reach, length'","0","10","20","10","50","10","291.4","10","21.3551971296086","-0.573081054009117"
"SMCR8_593 2011-06-13","0.033","10","0.284372603775008","50","10","Reach length pulled from analyte 'Reach, length'","20","10","30","10","30","10","168.8","10","2.85968141193696","2.57715992743576"
"SMCR8_594 2011-06-20","0.32","10","0.14360439485692","0","10","Reach length pulled from analyte 'Reach, length'","90","10","100","10","100","10","258.6","10","7.89092305542683","-0.514433594289065"
"SMCR8_598 2010-06-15","2.38","10","0.12590413754858","0","10","Reach length pulled from analyte 'Reach, length'","0","10","0","10","0","10","170.7","10","5.056349144063","3.10796479026576"
"SMCR8_600 2009-06-28","2.834","5","0.23511699215497","0","5","Reach length pulled from analyte 'Reach, length'","0","5","0","5","0","5","295","5","18.0277563773199","-0.573941995484703"
"SMCR8_601 2009-06-24","0.75","1",NA,"0","1","Reach length pulled from analyte 'Reach, length'","0","1","100","1","100","1","190","1",NA,"-2.87938524157182"
"SMCR8_605 2009-07-01","2.068","5","1.06473940473714","0","5","Reach length pulled from analyte 'Reach, length'","0","5","20","5","80","5","110","5","14.5773797371133","0.545970959615565"
"SMCR8_607 2011-07-19","2.387","10","1.65356886763146","10","10","Reach length pulled from analyte 'Reach, length'","0","10","20","10","30","10","257.8","10","30.5570504684816","-0.582684254829704"
"SMCR8_613 2009-06-29","1.205","2","0.106066017177982","0","2","Reach length pulled from analyte 'Reach, length'","0","2","0","2","100","2","61.5","2","44.5477272147525","0.667276319336498"
"SMCR8_618 2011-07-19","NaN","0",NA,"0","0","Reach length pulled from analyte 'Reach, length'","0","0","0","0","0","0","NaN","0",NA,"NaN"
"SMCR8_622 2011-06-16","0.948","10","2.16800881507023","0","10","Reach length pulled from analyte 'Reach, length'","0","10","20","10","40","10","259.2","10","106.458964446923","-1.11562192570313"
"SMCR8_629 2011-07-14","1.094","10","0.354532556097932","0","10","Reach length pulled from analyte 'Reach, length'","0","10","50","10","100","10","226.8","10","149.892405856112","-1.30218952465066"
"SMCR8_633 2011-07-26","0.32","10","0.150996688705415","0","10","Reach length pulled from analyte 'Reach, length'","90","10","100","10","100","10","253","10","0","-0.522845878243573"
"SMCR8_688 2009-07-01","5.336","5","1.2972201046854","0","5","Reach length pulled from analyte 'Reach, length'","0","5","0","5","0","5","168","5","39.6232255123179","3.22838339895795"
"VA_RC 2010-06-02","0.8","10","0.361068373539376","0","10","Reach length pulled from analyte 'Reach, length'","10","10","80","10","100","10","157.1","10","161.179299746173","2.40138081665888"
"WN_RD 2010-05-27","0.028","10","0.0329309040939426","50","10","Reach length pulled from analyte 'Reach, length'","50","10","50","10","50","10","132.7","10","6.99285349481884","0.684964004396308"
"WN_RD1 2010-05-27","0.28","10","0.242212028327799","0","10","Reach length pulled from analyte 'Reach, length'","80","10","100","10","100","10","183.6","10","35.9017176933546","-17.9723269074429"
